,category,side_count,vibe_count,side_rate,vibe_rate,difference,association,p_raw,p_corrected,significant
8,Tool Use *,35.0,8.0,0.09433962264150944,0.022857142857142857,-0.07148247978436659,-0.3208530183030383,9.882544213053885e-05,0.0011859053055664663,True
5,Note to self,19.0,2.0,0.05121293800539083,0.005714285714285714,-0.04549865229110512,-0.305230420460695,0.0006509218595713518,0.0039055311574281108,True
3,Direct Explainer,157.0,192.0,0.42318059299191374,0.5485714285714286,0.12539083557951486,0.25154605876644753,0.0009924557390395524,0.0039698229561582095,True
0, qualitative comment,33.0,12.0,0.0889487870619946,0.03428571428571429,-0.05466307277628032,-0.2332248162972405,0.003995746820305564,0.011987240460916692,True
1,Commented out code,16.0,3.0,0.0431266846361186,0.008571428571428572,-0.03455525606469003,-0.23295457710948456,0.007757170883045945,0.01621841933975453,True
10,human explainability ,25.0,45.0,0.0673854447439353,0.12857142857142856,0.061185983827493254,0.20827894586224216,0.008109209669877266,0.01621841933975453,True
6,Numbered Step,1.0,10.0,0.0026954177897574125,0.02857142857142857,0.025876010781671156,0.23581104679399784,0.011434784449272598,0.018996012826709898,True
11,section breaker,12.0,27.0,0.03234501347708895,0.07714285714285714,0.04479784366576819,0.2012318278978802,0.012664008551139931,0.018996012826709898,True
2,Control flow/program logic,53.0,29.0,0.14285714285714285,0.08285714285714285,-0.06,-0.19123299607142308,0.015570040200481946,0.020760053600642595,True
4,License *,9.0,1.0,0.02425876010781671,0.002857142857142857,-0.021401617250673854,-0.20582241243158758,0.03257661471851551,0.03909193766221861,True
7,Other *,0.0,5.0,0.0,0.014285714285714285,0.014285714285714285,0.23961856862908837,0.06271108807937802,0.0684120960865942,False
9,file descriptor,11.0,16.0,0.029649595687331536,0.045714285714285714,0.016064690026954178,0.08483886623995657,0.3475815350913205,0.3475815350913205,False
