,url,commit,error,time_out,SideProject,Vibecoding,new_link
292,https://github.com/KnowledgeCanvas/extensions,98e43f48813ccea8db02f8902c4fa584a4223d9e,False,False,True,False,https://github.com/KnowledgeCanvas/extensions/blob/98e43f48813ccea8db02f8902c4fa584a4223d9e
441,https://github.com/triton11/ChessTier,321256516f9a0f42990ffc23fe9e199e96446280,False,False,True,False,https://github.com/triton11/ChessTier/blob/321256516f9a0f42990ffc23fe9e199e96446280
991,https://github.com/GAIR-NLP/ASI-Arch,3113c51b04a1d4a7520a3b0238c6a08d3194d58f,False,False,False,True,https://github.com/GAIR-NLP/ASI-Arch/blob/3113c51b04a1d4a7520a3b0238c6a08d3194d58f
300,https://github.com/TutsWiki/source,974eed6f1881840a1d0f17493adaff299a898dc4,False,False,True,False,https://github.com/TutsWiki/source/blob/974eed6f1881840a1d0f17493adaff299a898dc4
1140,https://github.com/tsylvester/paynless-framework,9ccb7c7948ee9fd4e1d8d4d750fbd9207d2e6d10,False,False,False,True,https://github.com/tsylvester/paynless-framework/blob/9ccb7c7948ee9fd4e1d8d4d750fbd9207d2e6d10
157,https://github.com/AnalogJ/lodestone-test-docs,207974c7953b0be3f8e73aac55c0c26887fcf42a,False,False,True,False,https://github.com/AnalogJ/lodestone-test-docs/blob/207974c7953b0be3f8e73aac55c0c26887fcf42a
187,https://github.com/abuuzayr/coronavirus-apps,523efe2c44e5eba9741a519853d11ed6f8a2946f,False,False,True,False,https://github.com/abuuzayr/coronavirus-apps/blob/523efe2c44e5eba9741a519853d11ed6f8a2946f
42,https://github.com/zafar-saleem/timeoff-app,ab4534c5a844767513b1ef3e6657cec30360aadf,False,False,True,False,https://github.com/zafar-saleem/timeoff-app/blob/ab4534c5a844767513b1ef3e6657cec30360aadf
387,https://github.com/ice-blaze/faq,dafff0bc6b253c65eb893271c144d55e22921f54,False,False,True,False,https://github.com/ice-blaze/faq/blob/dafff0bc6b253c65eb893271c144d55e22921f54
78,https://github.com/chartbrew/chartbrew,a20107a81ceaea326805dc2775d3545b43ef66e8,False,False,True,False,https://github.com/chartbrew/chartbrew/blob/a20107a81ceaea326805dc2775d3545b43ef66e8
599,https://github.com/ebwinters/CoronaTracker,8359d74cf292ea242f205a9550f50d337955cf72,False,False,True,False,https://github.com/ebwinters/CoronaTracker/blob/8359d74cf292ea242f205a9550f50d337955cf72
73,https://github.com/oslabs-beta/SocketLeague,71e8d5777dc927291a1bc9464a092b078710d2e7,False,False,True,False,https://github.com/oslabs-beta/SocketLeague/blob/71e8d5777dc927291a1bc9464a092b078710d2e7
626,https://github.com/RocktimSaikia/github-card,6e72ed0347377e83cc3b9a51f314d59e6749260e,False,False,True,False,https://github.com/RocktimSaikia/github-card/blob/6e72ed0347377e83cc3b9a51f314d59e6749260e
947,https://github.com/yayoboy/pac-track,677735df7192dc5e607bfbec580e4cb2fc0fc34c,False,False,False,True,https://github.com/yayoboy/pac-track/blob/677735df7192dc5e607bfbec580e4cb2fc0fc34c
849,https://github.com/normaltusker/kotlin-mcp-server,5b74b26bbfc417e627f620474ab4eefd93949083,False,False,False,True,https://github.com/normaltusker/kotlin-mcp-server/blob/5b74b26bbfc417e627f620474ab4eefd93949083
762,https://github.com/shatrix/pixalize_android,d816488b0bee4669e60c09067c7b3b4919a587c9,False,False,False,True,https://github.com/shatrix/pixalize_android/blob/d816488b0bee4669e60c09067c7b3b4919a587c9
283,https://github.com/diamant3/chip-walo,272ec2e76cb3641bef012c711ff25d15b6f99663,False,False,True,False,https://github.com/diamant3/chip-walo/blob/272ec2e76cb3641bef012c711ff25d15b6f99663
238,https://github.com/m-kus/testex,dbc48712baaf3e2e09427e261616d98e6c686666,False,False,True,False,https://github.com/m-kus/testex/blob/dbc48712baaf3e2e09427e261616d98e6c686666
848,https://github.com/graphhopper/tsp-game,8bd80fc4fd9a8406cd89f2540d92ebb9ae731d47,False,False,False,True,https://github.com/graphhopper/tsp-game/blob/8bd80fc4fd9a8406cd89f2540d92ebb9ae731d47
160,https://github.com/amirgamil/apollo,c34d6d11efc4d049d199fa1ff1f6df15f1063e70,False,False,True,False,https://github.com/amirgamil/apollo/blob/c34d6d11efc4d049d199fa1ff1f6df15f1063e70
228,https://github.com/warrenday/graphql-network-inspector,405de1679da2f12f68bb07f7cbd879b2b9491e1e,False,False,True,False,https://github.com/warrenday/graphql-network-inspector/blob/405de1679da2f12f68bb07f7cbd879b2b9491e1e
448,https://github.com/clowre/docserver,44dee443545c406feb7a72d1acf994a32c8d7703,False,False,True,False,https://github.com/clowre/docserver/blob/44dee443545c406feb7a72d1acf994a32c8d7703
270,https://github.com/SnaKKo/Fossdroid-Core,6385c1f9d6dbcbdbc92a40655492ab0b58c30a61,False,False,True,False,https://github.com/SnaKKo/Fossdroid-Core/blob/6385c1f9d6dbcbdbc92a40655492ab0b58c30a61
26,https://github.com/SergChr/qcv,321d6b87873156c4fa75bfe9f49abc4b0a4e02a4,False,False,True,False,https://github.com/SergChr/qcv/blob/321d6b87873156c4fa75bfe9f49abc4b0a4e02a4
351,https://github.com/bnkc/morningbot,d3cf0d21ea6b337dc21f0b5534a727532c548c55,False,False,True,False,https://github.com/bnkc/morningbot/blob/d3cf0d21ea6b337dc21f0b5534a727532c548c55
876,https://github.com/swarajdhondge/digitalwellbeingpc,ad9c4595c7c33efa8663a6b5c93fafcfb2eeb9a6,False,False,False,True,https://github.com/swarajdhondge/digitalwellbeingpc/blob/ad9c4595c7c33efa8663a6b5c93fafcfb2eeb9a6
462,https://github.com/milosv1/Python_Storage_Tracker,3c76a9ee48545ab5b530fc8e05358dec8379312e,False,False,True,False,https://github.com/milosv1/Python_Storage_Tracker/blob/3c76a9ee48545ab5b530fc8e05358dec8379312e
707,https://github.com/CodeWithCJ/SparkyFitness,0e6d50aa300750c7837f23d53bd7610ab83b64ab,False,False,False,True,https://github.com/CodeWithCJ/SparkyFitness/blob/0e6d50aa300750c7837f23d53bd7610ab83b64ab
338,https://github.com/carllacan/ankimaker,343b11c204110fe5901b975694f76635afbd610b,False,False,True,False,https://github.com/carllacan/ankimaker/blob/343b11c204110fe5901b975694f76635afbd610b
1150,https://github.com/ehabhosam/react-ai-element,7cb4f9aae7cd084f09023ff8d168affc61968070,False,False,False,True,https://github.com/ehabhosam/react-ai-element/blob/7cb4f9aae7cd084f09023ff8d168affc61968070
668,https://github.com/singhkumarpratik/prashnottar-django,4db02d439ba6ec59d1473fef350a633930c9d9c1,False,False,True,False,https://github.com/singhkumarpratik/prashnottar-django/blob/4db02d439ba6ec59d1473fef350a633930c9d9c1
295,https://github.com/mysigmail/card,b05abd22109b25d46b32c35fad75e642d96e347b,False,False,True,False,https://github.com/mysigmail/card/blob/b05abd22109b25d46b32c35fad75e642d96e347b
1127,https://github.com/MatiasDesuu/ThinkNote,0b57c92e2e619f82f78ba9ed72496e4bbb7dd070,False,False,False,True,https://github.com/MatiasDesuu/ThinkNote/blob/0b57c92e2e619f82f78ba9ed72496e4bbb7dd070
40,https://github.com/mach-kernel/fts-actors,d82624d472bab41da925d2ed77ccda797a4f1aaa,False,False,True,False,https://github.com/mach-kernel/fts-actors/blob/d82624d472bab41da925d2ed77ccda797a4f1aaa
418,https://github.com/KnowledgeCanvas/knowledge-canvas,fce5e4841e7e946230ae47e2a7bbf31de7f6c6de,False,False,True,False,https://github.com/KnowledgeCanvas/knowledge-canvas/blob/fce5e4841e7e946230ae47e2a7bbf31de7f6c6de
808,https://github.com/voidquark/Chefly,518ed16556cc7e0a2e9beec2406940cdd205d2b8,False,False,False,True,https://github.com/voidquark/Chefly/blob/518ed16556cc7e0a2e9beec2406940cdd205d2b8
13,https://github.com/Guuzzeji/Console-Against-Humans,93657bf5116514f43cf66e26c65e7d8b85c8c2db,False,False,True,False,https://github.com/Guuzzeji/Console-Against-Humans/blob/93657bf5116514f43cf66e26c65e7d8b85c8c2db
598,https://github.com/iArunava/Python-TheNoTheoryGuide,ceb581c6ba10625b3f50a8d6e7160135c381a4f8,False,False,True,False,https://github.com/iArunava/Python-TheNoTheoryGuide/blob/ceb581c6ba10625b3f50a8d6e7160135c381a4f8
222,https://github.com/retro/writisan,c13801d222545b41ef6af3642225b9d8318f9a36,False,False,True,False,https://github.com/retro/writisan/blob/c13801d222545b41ef6af3642225b9d8318f9a36
305,https://github.com/joaoofreitas/run-on-commit,d518490bab1dfa6c55a8a1a9920e219a16016a96,False,False,True,False,https://github.com/joaoofreitas/run-on-commit/blob/d518490bab1dfa6c55a8a1a9920e219a16016a96
252,https://github.com/Docile-Alligator/Infinity-For-Reddit,4af9e3d1617845b4674dc2e52c467c4f811d9e1d,False,False,True,False,https://github.com/Docile-Alligator/Infinity-For-Reddit/blob/4af9e3d1617845b4674dc2e52c467c4f811d9e1d
618,https://github.com/gigobooks/gigobooks,da436f5678697ae03bc57da1455e52a13e67a481,False,False,True,False,https://github.com/gigobooks/gigobooks/blob/da436f5678697ae03bc57da1455e52a13e67a481
11,https://github.com/junnoiri/two-dice-statistic,2b5ee356d4de6fc7e1b0f088327564b7c374ce8a,False,False,True,False,https://github.com/junnoiri/two-dice-statistic/blob/2b5ee356d4de6fc7e1b0f088327564b7c374ce8a
537,https://github.com/yaat-project/yaat,417d4553aafccdc02eb913a57a566899544ac830,False,False,True,False,https://github.com/yaat-project/yaat/blob/417d4553aafccdc02eb913a57a566899544ac830
929,https://github.com/bookcard-io/bookcard,c8b8ecb2e3490f6f4e2ad46ab1295f5ab8786498,False,False,False,True,https://github.com/bookcard-io/bookcard/blob/c8b8ecb2e3490f6f4e2ad46ab1295f5ab8786498
969,https://github.com/RezaHoque/phosphor-omp-theme,7da4af75bcdc95e4e01cb6c5db137efc8ccba26b,False,False,False,True,https://github.com/RezaHoque/phosphor-omp-theme/blob/7da4af75bcdc95e4e01cb6c5db137efc8ccba26b
127,https://github.com/techdervish/surflog,0f8551a90fade369f463a469a91f6aa3e2ba81ba,False,False,True,False,https://github.com/techdervish/surflog/blob/0f8551a90fade369f463a469a91f6aa3e2ba81ba
539,https://github.com/aschmelyun/use-the-keyboard,36ff76b3dd8c017e31ac9f19cbdd874f3320a15b,False,False,True,False,https://github.com/aschmelyun/use-the-keyboard/blob/36ff76b3dd8c017e31ac9f19cbdd874f3320a15b
596,https://github.com/DerYeger/d3-graph-controller,2adeb461b70f233347b2b24a86a52fe4eb2f6f7a,False,False,True,False,https://github.com/DerYeger/d3-graph-controller/blob/2adeb461b70f233347b2b24a86a52fe4eb2f6f7a
65,https://github.com/Andreilys/personal_dashboard,619fe570370dc1d257ef2a042e72ef370745a929,False,False,True,False,https://github.com/Andreilys/personal_dashboard/blob/619fe570370dc1d257ef2a042e72ef370745a929
