,Top,p_sideproject,p_vibecoding,difference,p,p_adj,significant,cohens_h,direction,cohens_h_abs,effect_size
9,Software for Computing,0.32063492063492066,0.507177033492823,0.1865421128579023,1.8928727529685048e-05,0.00020821600282653553,True,0.38126171032707323,More common in Vibecoding,0.38126171032707323,Small
1,Communication,0.07936507936507936,0.014354066985645933,-0.06501101237943342,0.001194792693001204,0.006571359811506622,True,-0.3309745984623507,More common in SideProject,0.3309745984623507,Small
3,Entertainment,0.19682539682539682,0.10526315789473684,-0.09156223893065998,0.0051526070811208,0.0141696694730822,True,-0.25848956757992647,More common in SideProject,0.25848956757992647,Small
6,Insufficient Documentation,0.0761904761904762,0.019138755980861243,-0.05705172020961495,0.00446304341415089,0.0141696694730822,True,-0.28173844109208723,More common in SideProject,0.28173844109208723,Small
0,Artistic Creation Tools,0.02857142857142857,0.06220095693779904,0.03362952836637047,0.060170756748178525,0.13237566484599275,False,0.1644311500903718,More common in Vibecoding,0.1644311500903718,Negligible
10,True Other,0.009523809523809525,0.028708133971291867,0.019184324447482342,0.09791081099938381,0.17950315349887033,False,0.14502103371858024,More common in Vibecoding,0.14502103371858024,Negligible
2,Education and Teaching Tools,0.0380952380952381,0.019138755980861243,-0.018956482114376855,0.2168379084901989,0.3407452847703126,False,-0.11530593821696478,More common in SideProject,0.11530593821696478,Negligible
4,Finance,0.04126984126984127,0.023923444976076555,-0.017346396293764714,0.2857195636975354,0.3928644000841111,False,-0.09855645339016489,More common in SideProject,0.09855645339016489,Negligible
5,Health and Fittness,0.03492063492063492,0.028708133971291867,-0.006212500949343055,0.6942930528877631,0.7506949510013219,False,-0.03543920406793993,More common in SideProject,0.03543920406793993,Negligible
7,Math/Science/Data Analasis,0.022222222222222223,0.028708133971291867,0.006485911749069644,0.6402181382116887,0.7506949510013219,False,0.041254374467508514,More common in Vibecoding,0.041254374467508514,Negligible
8,Productivity,0.1523809523809524,0.16267942583732056,0.010298473456368168,0.7506949510013219,0.7506949510013219,False,0.0282726557571511,More common in Vibecoding,0.0282726557571511,Negligible
