,sub,p_sideproject,p_vibecoding,difference,p,p_adj,significant,cohens_h,direction,cohens_h_abs,effect_size
3,Communication | Chatbot,0.04,1.0,0.96,7.122689720915751e-06,0.00032052103744120876,True,2.7388768120091314,More common in Vibecoding,2.7388768120091314,Large
12,Entertainment | Gaming,0.2903225806451613,0.7727272727272727,0.4824046920821114,8.047014189820225e-05,0.0012070521284730338,True,1.0096658795034257,More common in Vibecoding,1.0096658795034257,Large
43,Software for Computing | Software and it&#39;s engineering,0.6138613861386139,0.8584905660377359,0.24462917989912203,6.16267871907687e-05,0.0012070521284730338,True,0.5697235947362091,More common in Vibecoding,0.5697235947362091,Medium
23,Health and Fittness | Food,0.0,0.6666666666666666,0.6666666666666666,0.001956672690288996,0.022012567765751206,True,1.9106332362490186,More common in Vibecoding,1.9106332362490186,Large
2,Artistic Creation Tools | Visual,1.0,0.38461538461538464,-0.6153846153846154,0.003176350735649332,0.02858715662084399,True,-1.8036645050529787,More common in SideProject,1.8036645050529787,Large
16,Entertainment | Social Media,0.22580645161290322,0.0,-0.22580645161290322,0.014623335223877506,0.10967501417908129,False,-0.9903621033914766,More common in SideProject,0.9903621033914766,Large
28,Math/Science/Data Analasis | Math/Science/Data Analysis,0.42857142857142855,1.0,0.5714285714285714,0.02605476234722751,0.12202080722999295,False,1.714143895700262,More common in Vibecoding,1.714143895700262,Large
14,Entertainment | Music,0.27419354838709675,0.045454545454545456,-0.22873900293255128,0.024681132272350206,0.12202080722999295,False,-0.672524393119398,More common in SideProject,0.672524393119398,Medium
29,Math/Science/Data Analasis | Visualization,0.5714285714285714,0.0,-0.5714285714285714,0.02605476234722751,0.12202080722999295,False,-1.7141438957002617,More common in SideProject,1.7141438957002617,Large
35,Productivity | Productivity,0.25,0.47058823529411764,0.22058823529411764,0.03796202891599781,0.12202080722999295,False,0.46474126965121787,More common in Vibecoding,0.46474126965121787,Small
40,Software for Computing | Information Systems,0.09900990099009901,0.02830188679245283,-0.07070801419764619,0.03608064402730449,0.12202080722999295,False,-0.30212253550454404,More common in SideProject,0.30212253550454404,Small
42,Software for Computing | Security and Privacy,0.09900990099009901,0.02830188679245283,-0.07070801419764619,0.03608064402730449,0.12202080722999295,False,-0.30212253550454404,More common in SideProject,0.30212253550454404,Small
1,Artistic Creation Tools | Narrative and Text,0.0,0.38461538461538464,0.38461538461538464,0.034300985394000325,0.12202080722999295,False,1.3379281485368144,More common in Vibecoding,1.3379281485368144,Large
36,Productivity | Web Browsing,0.22916666666666666,0.058823529411764705,-0.17034313725490197,0.037467536839870655,0.12202080722999295,False,-0.508420428448348,More common in SideProject,0.508420428448348,Medium
9,Education and Teaching Tools | Learning Code,0.5833333333333334,0.0,-0.5833333333333334,0.041680083566202016,0.12504025069860605,False,-1.738244406014586,More common in SideProject,1.738244406014586,Large
41,Software for Computing | Networks,0.0594059405940594,0.009433962264150943,-0.04997197832990846,0.04678894340635534,0.13159390333037438,False,-0.2978629465950666,More common in SideProject,0.2978629465950666,Small
32,Productivity | Files and Document Management,0.14583333333333334,0.029411764705882353,-0.11642156862745098,0.08004772318382872,0.21189103195719367,False,-0.43896086899915177,More common in SideProject,0.43896086899915177,Small
4,Communication | Direct Messaging Applications and Extensions,0.48,0.0,-0.48,0.11241058465536359,0.28102646163840894,False,-1.5307856524409078,More common in SideProject,1.5307856524409078,Large
0,Artistic Creation Tools | Audio Generators,0.0,0.23076923076923078,0.23076923076923078,0.12095907663668132,0.2864820236131926,False,1.0021860265307143,More common in Vibecoding,1.0021860265307143,Large
27,Insufficient Documentation | No English Documentation,0.041666666666666664,0.25,0.20833333333333334,0.13416918012812581,0.2928021531588925,False,0.6360596888742499,More common in Vibecoding,0.6360596888742499,Medium
21,Finance | Personal and Household Finance,0.23076923076923078,0.6,0.3692307692307692,0.13664100480748317,0.2928021531588925,False,0.7699682210545131,More common in Vibecoding,0.7699682210545131,Medium
24,Health and Fittness | Mental Health and Wellbeing,0.2727272727272727,0.0,-0.2727272727272727,0.1586535485395113,0.29924801707996657,False,-1.0989344895152546,More common in SideProject,1.0989344895152546,Large
22,Health and Fittness | COVID,0.2727272727272727,0.0,-0.2727272727272727,0.1586535485395113,0.29924801707996657,False,-1.0989344895152546,More common in SideProject,1.0989344895152546,Large
19,Finance | Consumer and Shopping,0.3076923076923077,0.0,-0.3076923076923077,0.15959894244264883,0.29924801707996657,False,-1.1760052070951352,More common in SideProject,1.1760052070951352,Large
13,Entertainment | Movies,0.04838709677419355,0.13636363636363635,0.0879765395894428,0.1686526083832126,0.3035746950897827,False,0.3128875715525978,More common in Vibecoding,0.3128875715525978,Small
10,Education and Teaching Tools | Natural Language Learning,0.16666666666666666,0.5,0.33333333333333337,0.18242243945173564,0.3157311452049271,False,0.7297276562269666,More common in Vibecoding,0.7297276562269666,Medium
34,Productivity | Other,0.041666666666666664,0.11764705882352941,0.07598039215686275,0.19304437214346581,0.3217406202391097,False,0.2890736932119434,More common in Vibecoding,0.2890736932119434,Small
17,Entertainment | Sports,0.06451612903225806,0.0,-0.06451612903225806,0.22216641638496315,0.3447409909421842,False,-0.5136278348416143,More common in SideProject,0.5136278348416143,Medium
15,Entertainment | Other Entertainment,0.06451612903225806,0.0,-0.06451612903225806,0.22216641638496315,0.3447409909421842,False,-0.5136278348416143,More common in SideProject,0.5136278348416143,Medium
26,Health and Fittness | Weather,0.18181818181818182,0.0,-0.18181818181818182,0.26617302239558027,0.3992595335933704,False,-0.881021326009397,More common in SideProject,0.881021326009397,Large
31,Productivity | Desktop Customization,0.08333333333333333,0.029411764705882353,-0.053921568627450976,0.31474854427873233,0.45689304814654697,False,-0.24098436365850495,More common in SideProject,0.24098436365850495,Small
8,Education and Teaching Tools | Education an Teaching Tools,0.25,0.5,0.25,0.35020138917929555,0.4775473488808576,False,0.5235987755982991,More common in Vibecoding,0.5235987755982991,Medium
33,Productivity | Note Taking,0.10416666666666667,0.17647058823529413,0.07230392156862746,0.3439128203878674,0.4775473488808576,False,0.20981166546615693,More common in Vibecoding,0.20981166546615693,Small
7,Communication | Peer2Peer Applications,0.2,0.0,-0.2,0.39274229482842504,0.5049543790651179,False,-0.9272952180016122,More common in SideProject,0.9272952180016122,Large
5,Communication | Homemade Social Media,0.2,0.0,-0.2,0.39274229482842504,0.5049543790651179,False,-0.9272952180016122,More common in SideProject,0.9272952180016122,Large
37,Software for Computing | Computer Systems Organization,0.019801980198019802,0.009433962264150943,-0.01036801793386886,0.5326896416735494,0.6478657804137763,False,-0.08781232296699151,More common in SideProject,0.08781232296699151,Negligible
44,Software for Computing | Source code generation,0.019801980198019802,0.009433962264150943,-0.01036801793386886,0.5326896416735494,0.6478657804137763,False,-0.08781232296699151,More common in SideProject,0.08781232296699151,Negligible
39,Software for Computing | Human Centered Computing,0.0297029702970297,0.018867924528301886,-0.010835045768727816,0.6117771415654099,0.7058967018062421,False,-0.07082815532749481,More common in SideProject,0.07082815532749481,Negligible
6,Communication | Other,0.08,0.0,-0.08,0.6111790738440003,0.7058967018062421,False,-0.5735131044230968,More common in SideProject,0.5735131044230968,Medium
20,Finance | Investing and Crypto,0.3076923076923077,0.2,-0.1076923076923077,0.6477430919824,0.7287109784802001,False,-0.24870998909352304,More common in SideProject,0.24870998909352304,Small
30,Productivity | Careers,0.14583333333333334,0.11764705882352941,-0.028186274509803932,0.7121576170593098,0.7816364089675352,False,-0.08345049326350662,More common in SideProject,0.08345049326350662,Negligible
11,Entertainment | Books,0.03225806451612903,0.045454545454545456,0.013196480938416424,0.7744561895314029,0.829774488783646,False,0.06852923777002828,More common in Vibecoding,0.06852923777002828,Negligible
25,Health and Fittness | Physical Health,0.2727272727272727,0.3333333333333333,0.06060606060606061,0.793258379765506,0.8301541183592503,False,0.1320249278255199,More common in Vibecoding,0.1320249278255199,Negligible
18,Finance | Business and Commerce Finance,0.15384615384615385,0.2,0.046153846153846156,0.8139453463016609,0.8324441041721532,False,0.12118106906938575,More common in Vibecoding,0.12118106906938575,Negligible
38,Software for Computing | Computing Methodologies,0.039603960396039604,0.03773584905660377,-0.0018681113394358323,0.9444327944690103,0.9444327944690103,False,-0.009689710868844403,More common in SideProject,0.009689710868844403,Negligible
