,extn,metric,n_vibecoding,n_sideproject,vibecoding_median,sideproject_median,vibecoding_mean,sideproject_mean,p_value,effect_direction,size,p_adj,significant
13,md,blank_lines,13858,3850,43.0,12.0,60.763024967527784,24.456363636363637,0.0,Vibecoding > SideProject,2.6918466898954705,0.0,True
14,md,char,13858,3850,4659.0,1239.5,6938.130971280127,3289.9202597402596,0.0,Vibecoding > SideProject,2.6918466898954705,0.0,True
12,md,n_lines,13858,3850,174.0,40.0,252.56941838649155,92.00857142857143,0.0,Vibecoding > SideProject,2.6918466898954705,0.0,True
26,ts,char,14822,8540,1946.0,815.0,4926.139589798948,2859.406557377049,4.1659783874231855e-256,Vibecoding > SideProject,1.6143760682977422,2.8120354115106503e-255,True
16,py,blank_lines,12718,5061,29.0,11.0,46.4502280232741,29.45208456826714,4.5523722802338947e-237,Vibecoding > SideProject,2.126020328373774,2.4582810313263033e-236,True
24,ts,n_lines,14822,8540,72.0,36.0,184.08710025637566,93.36018735362998,2.042555773485671e-214,Vibecoding > SideProject,1.6143760682977422,9.19150098068552e-214,True
17,py,char,12718,5061,3932.0,1763.0,6967.103632646643,5972.680102746493,5.4275587827315115e-204,Vibecoding > SideProject,2.126020328373774,2.0934869590535832e-203,True
15,py,n_lines,12718,5061,158.5,71.0,271.1066205378204,196.9946650859514,5.704928555673309e-198,Vibecoding > SideProject,2.126020328373774,1.9254133875397417e-197,True
11,js,char,8741,9291,1913.0,925.0,8248.530946116005,12205.858465181358,2.573922456252623e-195,Vibecoding > SideProject,1.009692864155577,7.72176736875787e-195,True
25,ts,blank_lines,14822,8540,8.0,5.0,20.176426932937524,12.169789227166277,6.602777595112317e-113,Vibecoding > SideProject,1.6143760682977422,1.7827499506803256e-112,True
22,sh,blank_lines,770,410,11.5,4.0,19.264935064935067,6.978048780487805,7.27793263369752e-58,Vibecoding > SideProject,3.112242635413367,1.786401646453028e-57,True
21,sh,n_lines,770,410,72.0,17.0,123.5077922077922,46.30487804878049,5.128271039569862e-57,Vibecoding > SideProject,3.112242635413367,1.153860983903219e-56,True
23,sh,char,770,410,1643.0,381.0,2919.9116883116885,1190.2853658536585,3.3816807703775194e-53,Vibecoding > SideProject,3.112242635413367,7.02349083078408e-53,True
4,go,blank_lines,1648,8709,21.0,12.0,34.56553398058252,28.993455046503616,7.130875036514922e-46,Vibecoding > SideProject,2.9459116754568146,1.3752401856135923e-45,True
9,js,n_lines,8741,9291,66.0,38.0,229.82015787667314,201.24550640404692,9.037004957403401e-42,Vibecoding > SideProject,1.009692864155577,1.6266608923326121e-41,True
6,java,n_lines,192,4841,27.0,66.0,71.80208333333333,138.02829993802933,1.1520146724083913e-19,SideProject > Vibecoding,-1.1155925084348963,1.9440247596891605e-19,True
8,java,char,192,4841,658.0,1659.0,2030.9583333333333,4178.001445982235,9.91909589001362e-19,SideProject > Vibecoding,-1.1155925084348963,1.5753858178256926e-18,True
3,go,n_lines,1648,8709,147.5,100.0,242.99635922330097,353.5376047766678,4.017042775068876e-18,Vibecoding > SideProject,2.9459116754568146,6.025564162603314e-18,True
19,scss,blank_lines,51,1253,14.0,3.0,28.352941176470587,9.81803671189146,6.698612125819582e-13,Vibecoding > SideProject,2.8827754565513355,9.519080389322564e-13,True
20,scss,char,51,1253,2043.0,375.0,3731.5098039215686,1798.9465283320033,2.1218648256212893e-12,Vibecoding > SideProject,2.8827754565513355,2.8645175145887407e-12,True
7,java,blank_lines,192,4841,5.0,10.0,11.9375,18.218343317496384,5.1586092884663234e-12,SideProject > Vibecoding,-1.1155925084348963,6.6324976565995585e-12,True
18,scss,n_lines,51,1253,104.0,24.0,209.19607843137254,90.11173184357541,3.635538777845424e-11,Vibecoding > SideProject,2.8827754565513355,4.461797590992111e-11,True
5,go,char,1648,8709,3307.5,2488.0,5942.668689320389,8430.070616603514,2.6073982431644497e-09,Vibecoding > SideProject,2.9459116754568146,3.0608588071930494e-09,True
1,cs,blank_lines,1003,4221,10.0,8.0,26.858424725822534,26.48258706467662,3.2828026573355893e-09,Vibecoding > SideProject,1.7707753309604473,3.6931529895025382e-09,True
10,js,blank_lines,8741,9291,6.0,4.0,23.268504747740533,20.79356366376063,1.891758384537125e-08,Vibecoding > SideProject,1.009692864155577,2.043099055300095e-08,True
0,cs,n_lines,1003,4221,69.0,56.0,159.60917248255234,166.59346126510306,2.5687303597287855e-08,Vibecoding > SideProject,1.7707753309604473,2.6675276812568157e-08,True
2,cs,char,1003,4221,1606.0,1288.0,3687.0448654037887,4848.068230277186,1.1190825051370734e-06,Vibecoding > SideProject,1.7707753309604473,1.1190825051370734e-06,True
