,metric,SideProject_n,Vibecoding_n,SideProject_median,Vibecoding_median,SideProject_mean,Vibecoding_mean,effect_size_median_diff,u_stat,effect_direction,size,p_value,p_adj_bh
17,n_code_lines,38132,128121,6.0,9.0,12.596978915346691,15.649651501315162,3.0,1888579141.0,Vibecoding > SideProject,0.22686509624424528,0.0,0.0
29,n_args_by_line,38132,128121,0.2857142857142857,0.16666666666666666,0.37032926026851054,0.23338824531116115,-0.11904761904761904,3064258826.0,SideProject > Vibecoding,-0.2544274164056501,0.0,0.0
1,line_count,38132,128121,7.0,11.0,15.783777404804363,19.87672590754053,4.0,1884281453.0,Vibecoding > SideProject,0.22862445730363562,0.0,0.0
3,n_vars,38132,128121,1.0,2.0,2.0893475296339035,2.706706941094746,1.0,1988633031.0,Vibecoding > SideProject,0.18590565062917858,0.0,0.0
5,n_blank_lines,38132,128121,0.0,1.0,1.6413510961921745,2.305648566589396,1.0,2016709449.0,Vibecoding > SideProject,0.17441189945032007,0.0,0.0
6,n_characters,38132,128121,257.0,450.0,658.9280656666317,787.4626720053699,193.0,1840072524.0,Vibecoding > SideProject,0.24672243653338716,0.0,0.0
8,line_comment_lines,38132,128121,0.0,0.0,1.0368194692122101,1.3580833743102223,0.0,2102757721.5,Vibecoding > SideProject,0.1391859873170268,0.0,0.0
9,n_block_comments,38132,128121,0.0,0.0,0.09915556487989091,0.20166873502392269,0.0,2203677320.0,Vibecoding > SideProject,0.0978721432850245,0.0,0.0
10,block_comment_lines,38132,128121,0.0,0.0,0.6108780027273681,0.7806448591565786,0.0,2218454873.5,Vibecoding > SideProject,0.09182259939515686,0.0,0.0
31,n_lines_in_proj,38132,128121,228.0,665.0,474.34585125354033,1058.9316973798207,437.0,1730606735.5,Vibecoding > SideProject,0.29153486722225036,0.0,0.0
13,n_same_file_calls,38132,128121,0.0,0.0,9155.070832896256,6.1149928583136255,0.0,2716148883.0,SideProject > Vibecoding,-0.11192031070118957,0.0,0.0
7,n_line_comments,38132,128121,0.0,0.0,0.7236704080562257,1.2307974492862217,0.0,2081958243.5,Vibecoding > SideProject,0.14770074959126497,0.0,0.0
30,n_total_calls,38132,128121,0.0,0.0,9155.346874016574,6.349435299443495,0.0,2732320676.0,SideProject > Vibecoding,-0.11854061977544562,0.0,0.0
18,total_lines,38132,128121,7.0,11.0,15.783777404804363,19.87672590754053,4.0,1884281453.0,Vibecoding > SideProject,0.22862445730363562,0.0,0.0
19,n_comments_lines,38132,128121,0.0,0.0,1.6476974719395783,2.138728233466801,0.0,1997925774.5,Vibecoding > SideProject,0.18210144449583368,0.0,0.0
20,n_comments,38132,128121,0.0,0.0,0.8228259729361167,1.4324661843101443,0.0,1948127311.0,Vibecoding > SideProject,0.2024876329532953,0.0,0.0
21,n_vars_by_line,38132,128121,0.0625,0.14285714285714285,0.1375118920954219,0.16923485588454346,0.08035714285714285,2053324493.0,Vibecoding > SideProject,0.15942265811836112,0.0,0.0
28,n_called_by_line,38132,128121,0.5,0.3333333333333333,0.4566559487597975,0.3750941846035626,-0.16666666666666669,2832194591.0,SideProject > Vibecoding,-0.15942638833283299,0.0,0.0
22,percent_comments,38132,128121,0.0,0.0,0.06262133962592202,0.0816454246955814,0.0,2030404501.5,Vibecoding > SideProject,0.16880550315659043,0.0,0.0
23,percent_blank,38132,128121,0.0,0.0625,0.05323069847621773,0.07659529162804735,0.0625,2025956164.5,Vibecoding > SideProject,0.17062653597629376,0.0,0.0
24,percent_code,38132,128121,1.0,0.8775510204081632,0.8898651208095485,0.8532450000389866,-0.12244897959183676,2898401018.0,SideProject > Vibecoding,-0.1865295678901134,0.0,0.0
25,avg_lines_in_comment,10600,59901,1.0,1.0,2.464254247592767,1.730825457441477,0.0,391866221.5,SideProject > Vibecoding,-0.23432034397636603,0.0,0.0
27,n_code_lines_by_line,38132,128121,1.0,0.8775510204081632,0.8898651208095485,0.8532450000389866,-0.12244897959183676,2898401018.0,SideProject > Vibecoding,-0.1865295678901134,0.0,0.0
12,double_count_lines,38132,128121,0.0,0.0,0.10225007867407951,0.2173023938308318,0.0,2285506874.5,Vibecoding > SideProject,0.06437326395861463,1.1252341590869271e-281,1.6878512386303908e-281
26,n_characters_total_by_line,38132,128121,42.2,43.5,43.43614163694149,44.344560220609196,1.2999999999999972,2234805597.5,Vibecoding > SideProject,0.08512904064951522,5.86756027052194e-141,8.449286789551594e-141
33,n_total_calls_by_total,38115,128107,0.0,0.0,3.537798218434469e-05,6.102547841851463e-06,0.0,2537491756.0,SideProject > Vibecoding,-0.0393596448174404,1.0616805402683132e-135,1.47001920960228e-135
32,n_times_imported_by_file,38132,128121,0.0,0.0,0.0037825486398236395,0.0013149851235877482,0.0,2537247639.5,SideProject > Vibecoding,-0.0386828208484107,3.625212813611139e-131,4.833617084814852e-131
15,n_times_imported,38132,128121,0.0,0.0,0.5099916080981852,0.2441832330375192,0.0,2536794829.0,SideProject > Vibecoding,-0.03849745207315688,5.477971256718816e-130,7.04310590149562e-130
4,n_called,38132,128121,2.0,3.0,5.673607468792615,5.930167575963347,1.0,2258424273.5,Vibecoding > SideProject,0.07546017245136839,1.2790476780928013e-112,1.5877833245289948e-112
16,cyclomatic_complexity,8424,32733,2.0,3.0,4.021842355175688,4.417315858613631,1.0,118765912.0,Vibecoding > SideProject,0.13857467577973898,3.8094798175381195e-89,4.571375781045743e-89
35,n_times_called_inside_by_file,34525,125302,0.0,0.0,0.7630106991105506,0.07754770631998864,0.0,2275801363.5,SideProject > Vibecoding,-0.052137884718456484,1.3616369384264422e-70,1.581255799462965e-70
0,n_args,38132,128121,2.0,1.0,1.8716825763138571,1.773042670600448,-1.0,2569785899.5,SideProject > Vibecoding,-0.0520031334407437,1.0282632783954835e-59,1.156796188194919e-59
11,block_comment_blank_line,38132,128121,0.0,0.0,0.11412986468058324,0.1176465996987223,0.0,2430495966.5,Vibecoding > SideProject,0.005018521943567532,0.00015306370767686193,0.00016697859019294028
34,n_times_called_outside_by_total,38115,128107,0.0,0.0,2.0452237604939813e-05,7.307337370247516e-06,0.0,2450728326.0,SideProject > Vibecoding,-0.0038212405744660386,0.0006256248236236201,0.0006624262838367743
14,n_imported_calls,38132,128121,0.0,0.0,0.2760411203188923,0.23444244112986942,0.0,2451222592.0,SideProject > Vibecoding,-0.0034664164226579537,0.001912063211209422,0.0019666935886725485
2,is_aysnc,38132,128121,0.0,0.0,0.002333997692227001,0.002606910654771661,0.0,2442088326.5,Vibecoding > SideProject,0.00027291296254466023,0.35306115336806965,0.35306115336806965
