,feature,Vibecoding_n,SideProject_n,p_value,vibecoding_median,sideproject_median,vibecoding_mean,sideproject_mean,effect_direction,size,p_adj,significant
188,avg_file_len_for_md,434,669,4.566921623425964e-62,150.25,56.0,188.73126555553148,79.04846990822735,Vibecoding > SideProject,0.5918834769550811,9.773212274131565e-60,True
121,n_lines_ext_md,437,677,5.980000983857694e-56,562.0,85.0,8009.398169336385,523.2392909896603,Vibecoding > SideProject,0.5585518288045591,6.398601052727733e-54,True
3,age,437,677,2.6965052978551633e-32,32.0,222.0,92.60640732265446,413.384047267356,SideProject > Vibecoding,-0.4190887919174984,1.9235071124700166e-30,True
46,n_files_ext_md,437,677,1.515620464803313e-26,3.0,1.0,31.7116704805492,5.68685376661743,Vibecoding > SideProject,0.36028514546271917,8.108569486697725e-25,True
209,avg_file_len_for_ts,177,160,5.659094824647359e-23,141.0,54.12578616352201,231.23163408880174,75.61818463846342,Vibecoding > SideProject,0.6225282485875706,2.4220925849490697e-21,True
48,n_files_ext_mjs,437,677,5.091905428729278e-21,0.0,0.0,0.4073226544622426,0.047267355982274745,Vibecoding > SideProject,0.1492281535513049,1.7892344864007136e-19,True
123,n_lines_ext_mjs,437,677,5.8526361704696236e-21,0.0,0.0,49.5720823798627,12.936484490398819,Vibecoding > SideProject,0.14901182697930362,1.7892344864007136e-19,True
203,avg_file_len_for_sh,139,120,6.029996058787302e-16,81.0,17.666666666666664,119.03511879640475,40.300745342620345,Vibecoding > SideProject,0.5830935251798561,1.6130239457256033e-14,True
196,avg_file_len_for_py,170,152,2.5440688383078825e-15,215.07236842105263,83.69047619047619,300.6725787377021,145.2449170018659,Vibecoding > SideProject,0.510719814241486,6.049230348865409e-14,True
148,n_lines_ext_tsx,437,677,1.0597482667263272e-13,0.0,0.0,3413.1807780320364,503.00590841949776,Vibecoding > SideProject,0.16999212436073807,2.2678612907943404e-12,True
210,avg_file_len_for_tsx,114,69,8.34486578304226e-13,145.5349002849003,78.22222222222223,182.53735696358964,92.23893927499356,Vibecoding > SideProject,0.6319603356216629,1.6234557068827672e-11,True
147,n_lines_ext_ts,437,677,1.021956632314033e-12,0.0,0.0,6243.796338672769,1177.6898079763664,Vibecoding > SideProject,0.20534461836950607,1.8106754181219927e-11,True
73,n_files_ext_tsx,437,677,1.0999430110086872e-12,0.0,0.0,19.1395881006865,5.709010339734121,Vibecoding > SideProject,0.1627688449175086,1.8106754181219927e-11,True
130,n_lines_ext_py,437,677,3.730632719600638e-12,0.0,0.0,7890.009153318078,1472.658788774003,Vibecoding > SideProject,0.19708702750389556,5.702538585675262e-11,True
140,n_lines_ext_sh,437,677,1.0998115613635186e-10,0.0,0.0,217.62242562929063,28.042836041358935,Vibecoding > SideProject,0.169289063001734,1.5690644942119533e-09,True
55,n_files_ext_py,437,677,2.720590000234034e-10,0.0,0.0,29.102974828375284,7.4756277695716395,Vibecoding > SideProject,0.17910826130897856,3.6387891253130206e-09,True
166,avg_file_len_for_css,190,277,2.952759791933367e-10,173.5,61.714285714285715,378.65486260934745,571.7823383711232,Vibecoding > SideProject,0.34307429222876684,3.717003502786709e-09,True
72,n_files_ext_ts,437,677,9.622129776556185e-10,0.0,0.0,33.91762013729977,12.614475627769572,Vibecoding > SideProject,0.1761878525869616,1.1439643178794577e-08,True
65,n_files_ext_sh,437,677,1.284092116387135e-08,0.0,0.0,1.7620137299771168,0.6056129985228951,Vibecoding > SideProject,0.1491132300599292,1.44629322582551e-07,True
64,n_files_ext_scss,437,677,5.255425734382253e-08,0.0,0.0,0.11670480549199085,1.8508124076809453,SideProject > Vibecoding,-0.08327220980973402,5.623305535789011e-07,True
139,n_lines_ext_scss,437,677,6.738825819994381e-08,0.0,0.0,24.414187643020593,166.77991137370753,SideProject > Vibecoding,-0.08259280916954258,6.867184407041893e-07,True
134,n_lines_ext_rs,437,677,1.8253238673707135e-07,0.0,0.0,1698.2608695652175,68.72525849335302,Vibecoding > SideProject,0.06031117225341306,1.7755423073515124e-06,True
59,n_files_ext_rs,437,677,2.109644564724817e-07,0.0,0.0,4.1235697940503435,0.3500738552437223,Vibecoding > SideProject,0.06000020280616125,1.9628866819613516e-06,True
180,avg_file_len_for_js,206,384,2.7568308937171403e-07,140.00641025641025,56.2,359.0667771384411,330.9104530103723,Vibecoding > SideProject,0.2564851334951456,2.45817421356445e-06,True
175,avg_file_len_for_html,192,298,3.413162701394295e-07,107.25,45.0,450.8900563939688,86.52295493138583,Vibecoding > SideProject,0.27272091722595077,2.921667272393517e-06,True
153,n_lines_ext_xml,437,677,2.455174622885235e-06,0.0,0.0,55.473684210526315,368.81536189069425,SideProject > Vibecoding,-0.10371845096654037,1.9459532196201494e-05,True
78,n_files_ext_xml,437,677,2.375491165415596e-06,0.0,0.0,0.6681922196796338,2.675036927621861,SideProject > Vibecoding,-0.10382661425254099,1.9459532196201494e-05,True
129,n_lines_ext_ps1,437,677,1.2245565779200568e-05,0.0,0.0,25.519450800915333,1.7193500738552436,Vibecoding > SideProject,0.053436043386998096,9.359110988389007e-05,True
54,n_files_ext_ps1,437,677,1.4987759072950294e-05,0.0,0.0,0.20594965675057209,0.03249630723781388,Vibecoding > SideProject,0.05289184685430744,0.00011059932557280563,True
211,avg_file_len_for_txt,180,267,3.10673008068191e-05,16.5,7.8,388.8493876697845,267.3971931061317,Vibecoding > SideProject,0.23200166458593424,0.00022161341242197627,True
34,n_files_ext_js,437,677,4.29025872266822e-05,0.0,1.0,20.002288329519452,13.723781388478582,SideProject > Vibecoding,-0.13714766654610966,0.0002961662473067739,True
2,avg_files_per_folder,437,677,0.00013825765341439388,4.636363636363637,4.125,5.8278953238042455,7.470958011339756,Vibecoding > SideProject,0.13507566359866013,0.0009245980572087591,True
33,n_files_ext_java,437,677,0.0004553090375686343,0.0,0.0,0.43935926773455375,7.150664697193501,SideProject > Vibecoding,-0.04744650142471328,0.00295261012241478,True
108,n_lines_ext_java,437,677,0.0004852495350631382,0.0,0.0,31.54691075514874,986.9940915805022,SideProject > Vibecoding,-0.04721665444196195,0.0030542176618679876,True
20,n_files_ext_env,437,677,0.0005537174139815886,0.0,0.0,0.018306636155606407,0.07976366322008863,SideProject > Vibecoding,-0.040848540978674935,0.0033855864740588563,True
98,n_lines_ext_gradle,437,677,0.0006316319564743108,0.0,0.0,0.6475972540045767,5.872968980797637,SideProject > Vibecoding,-0.03451760864495063,0.003754701074597292,True
23,n_files_ext_gradle,437,677,0.0006581137715213501,0.0,0.0,0.02745995423340961,0.13884785819793205,SideProject > Vibecoding,-0.03440268515357497,0.003806387759609971,True
95,n_lines_ext_env,437,677,0.0006934001646805364,0.0,0.0,0.06636155606407322,1.4002954209748892,SideProject > Vibecoding,-0.039679025448793134,0.0039049377695167054,True
195,avg_file_len_for_ps1,32,14,0.00155919832452664,90.66666666666666,23.0,153.63668154761905,54.4345238095238,Vibecoding > SideProject,0.59375,0.008555601062787205,True
199,avg_file_len_for_rs,32,9,0.0017246705470669974,267.5818181818182,108.92592592592592,320.0474317336874,110.6399492808707,Vibecoding > SideProject,0.6944444444444444,0.009226987426808437,True
8,n_files_ext_bat,437,677,0.0031171234167943133,0.0,0.0,0.16933638443935928,0.06942392909896603,Vibecoding > SideProject,0.04714905238821156,0.016269863687658124,True
83,n_lines_ext_bat,437,677,0.0037329455716340397,0.0,0.0,10.34096109839817,4.539143279172821,Vibecoding > SideProject,0.046273605792143964,0.019020246484040108,True
165,avg_file_len_for_csproj,11,22,0.005619439992658381,28.09090909090909,72.54545454545455,40.92424242424242,128.53045697617887,SideProject > Vibecoding,-0.6033057851239669,0.02796651531229985,True
142,n_lines_ext_sql,437,677,0.006110804133224945,0.0,0.0,164.34096109839817,795.5347119645495,Vibecoding > SideProject,0.04141977833286575,0.029720729193412232,True
67,n_files_ext_sql,437,677,0.006960543772351867,0.0,0.0,1.5675057208237986,0.8759231905465288,Vibecoding > SideProject,0.04076741851417446,0.030746820336495038,True
207,avg_file_len_for_swift,15,15,0.006884204898761384,121.6,43.2,154.78230160403362,44.07614262371615,Vibecoding > SideProject,0.5822222222222222,0.030746820336495038,True
11,n_files_ext_cjs,437,677,0.006730674762645797,0.0,0.0,1.0160183066361557,0.06351550960118169,Vibecoding > SideProject,0.029427173997546047,0.030746820336495038,True
4,n_files,437,677,0.007040159796674097,63.0,44.0,234.52402745995423,344.7267355982275,Vibecoding > SideProject,0.0955183218466177,0.030746820336495038,True
86,n_lines_ext_cjs,437,677,0.0067823993249300765,0.0,0.0,134.19221967963387,10.064992614475628,Vibecoding > SideProject,0.029400133176045888,0.030746820336495038,True
185,avg_file_len_for_mako,5,5,0.00749495751693524,28.0,24.0,27.6,23.8,Vibecoding > SideProject,1.0,0.03207841817248283,True
170,avg_file_len_for_go,19,51,0.009274292042050328,242.4,109.5,228.25245627487823,214.02874316315865,Vibecoding > SideProject,0.40763673890608876,0.038915656803897455,True
50,n_files_ext_npmrc,437,677,0.01066843391641194,0.0,0.0,0.05263157894736842,0.022156573116691284,Vibecoding > SideProject,0.026581127534654504,0.043305454933551785,True
182,avg_file_len_for_kts,9,8,0.01072518276391703,35.5,69.375,39.351851851851855,88.88541666666666,SideProject > Vibecoding,-0.75,0.043305454933551785,True
52,n_files_ext_php,437,677,0.015417267107581878,0.0,0.0,0.08466819221967964,3.8714918759231907,SideProject > Vibecoding,-0.024847134855956923,0.059580364322078104,False
38,n_files_ext_less,437,677,0.015591114020090007,0.0,0.0,0.0,0.16100443131462333,SideProject > Vibecoding,-0.013293943870014771,0.059580364322078104,False
113,n_lines_ext_less,437,677,0.015591123374001745,0.0,0.0,0.0,33.64401772525849,SideProject > Vibecoding,-0.013293943870014771,0.059580364322078104,False
193,avg_file_len_for_php,6,26,0.016186415240920248,215.5,47.992000000000004,215.94583333333333,65.3977700750597,Vibecoding > SideProject,0.6282051282051282,0.06065399488290553,False
127,n_lines_ext_php,437,677,0.01643893319256318,0.0,0.0,17.299771167048053,274.5480059084195,SideProject > Vibecoding,-0.02460714756514303,0.06065399488290553,False
125,n_lines_ext_npmrc,437,677,0.016901823093075027,0.0,0.0,0.28604118993135014,0.0413589364844904,Vibecoding > SideProject,0.02450236438182992,0.06130491765962807,False
109,n_lines_ext_js,437,677,0.02291319025882341,0.0,39.0,4596.929061784897,2761.8493353028066,SideProject > Vibecoding,-0.07627201714388084,0.08172371192313684,False
81,n_lines_ext_astro,437,677,0.02637425689128483,0.0,0.0,39.391304347826086,0.0310192023633678,Vibecoding > SideProject,0.009981443236245518,0.09055781333012536,False
202,avg_file_len_for_scss,7,67,0.026659543176625687,171.85714285714286,58.0,202.6891156462585,99.72743780720991,Vibecoding > SideProject,0.5138592750533049,0.09055781333012536,False
6,n_files_ext_astro,437,677,0.026425269008238616,0.0,0.0,0.2540045766590389,0.0014771048744460858,Vibecoding > SideProject,0.009978063133557997,0.09055781333012536,False
135,n_lines_ext_rst,437,677,0.028064199102086018,0.0,0.0,13.903890160183066,18.667651403249632,SideProject > Vibecoding,-0.013922642969893425,0.09239597858225243,False
60,n_files_ext_rst,437,677,0.027836131369133422,0.0,0.0,0.06864988558352403,0.21122599704579026,SideProject > Vibecoding,-0.013942923586018544,0.09239597858225243,False
66,n_files_ext_snap,437,677,0.03342655151302677,0.0,0.0,0.006864988558352402,0.47858197932053176,SideProject > Vibecoding,-0.016910653745660795,0.10687907429005161,False
141,n_lines_ext_snap,437,677,0.03346214008146475,0.0,0.0,0.6750572082379863,81.63072378138848,SideProject > Vibecoding,-0.016907273642973272,0.10687907429005161,False
92,n_lines_ext_css,437,677,0.03605760963009781,0.0,0.0,595.8810068649885,1519.7459379615952,Vibecoding > SideProject,0.06659140304682457,0.11347541854177841,False
22,n_files_ext_go,437,677,0.03989294011410233,0.0,0.0,3.7711670480549198,12.86410635155096,SideProject > Vibecoding,-0.03063725075967808,0.12372593020895505,False
97,n_lines_ext_go,437,677,0.04231942647124553,0.0,0.0,916.3798627002288,4547.945347119646,SideProject > Vibecoding,-0.03027219966942596,0.1293765323549506,False
174,avg_file_len_for_htaccess,2,9,0.04463923950355579,4.0,23.333333333333332,4.0,33.925925925925924,SideProject > Vibecoding,-1.0,0.13454644019381606,False
56,n_files_ext_qrc,437,677,0.048647841862038424,0.0,0.0,0.0,0.0103397341211226,SideProject > Vibecoding,-0.008862629246676515,0.14261326467783816,False
131,n_lines_ext_qrc,437,677,0.048648450100384044,0.0,0.0,0.0,5.457902511078286,SideProject > Vibecoding,-0.008862629246676515,0.14261326467783816,False
122,n_lines_ext_mdx,437,677,0.05048386518102597,0.0,0.0,116.47826086956522,57.915805022156576,Vibecoding > SideProject,0.012398216657822064,0.14404729531652744,False
47,n_files_ext_mdx,437,677,0.05048384953686744,0.0,0.0,0.5583524027459954,1.7548005908419497,Vibecoding > SideProject,0.012398216657822064,0.14404729531652744,False
68,n_files_ext_sum,437,677,0.051742145048584334,0.0,0.0,0.04805491990846682,0.08567208271787297,SideProject > Vibecoding,-0.026753512771718006,0.14569498737364536,False
157,avg_file_len_for_bash,3,4,0.05714285714285714,216.0,26.166666666666668,201.33333333333334,24.333333333333336,Vibecoding > SideProject,1.0,0.15700569813027776,False
133,n_lines_ext_resx,437,677,0.05796004744061656,0.0,0.0,3.986270022883295,14.429837518463811,SideProject > Vibecoding,-0.010981953631751333,0.15700569813027776,False
58,n_files_ext_resx,437,677,0.05795939512460533,0.0,0.0,0.016018306636155607,0.056129985228951254,SideProject > Vibecoding,-0.010981953631751333,0.15700569813027776,False
143,n_lines_ext_sum,437,677,0.06539680313530412,0.0,0.0,20.153318077803203,32.89660265878877,SideProject > Vibecoding,-0.025144583892458654,0.17493644838693853,False
138,n_lines_ext_sass,437,677,0.07203059471666569,0.0,0.0,0.0,1.3220088626292468,SideProject > Vibecoding,-0.007385524372230428,0.18571743698031876,False
205,avg_file_len_for_sql,39,33,0.07142747354057055,51.0,28.428571428571427,92.55440403061637,2264.023006702094,Vibecoding > SideProject,0.24864024864024864,0.18571743698031876,False
63,n_files_ext_sass,437,677,0.07203054864363691,0.0,0.0,0.0,0.0310192023633678,SideProject > Vibecoding,-0.007385524372230428,0.18571743698031876,False
0,n_folders,437,677,0.07608186469034649,13.0,11.0,37.734553775743706,35.52437223042836,Vibecoding > SideProject,0.06282258855024016,0.19382760766350177,False
149,n_lines_ext_txt,437,677,0.07699387689910538,0.0,0.0,435.0137299771167,1837.3796159527326,Vibecoding > SideProject,0.05551142643713516,0.19384340772245354,False
44,n_files_ext_manifest,437,677,0.09669912222772263,0.0,0.0,0.02517162471395881,0.007385524372230428,Vibecoding > SideProject,0.010954912810251176,0.24062339717130982,False
119,n_lines_ext_manifest,437,677,0.09815361261762913,0.0,0.0,0.3684210526315789,0.24076809453471196,Vibecoding > SideProject,0.0109075913726259,0.24143532299049006,False
164,avg_file_len_for_cs,14,23,0.10015401326620585,158.88055555555556,71.46896551724137,155.42206454312915,146.95986636613398,Vibecoding > SideProject,0.32919254658385094,0.2435563504428188,False
124,n_lines_ext_mk,437,677,0.10781326358364136,0.0,0.0,0.0,0.9453471196454948,SideProject > Vibecoding,-0.005908419497784343,0.2454472170946729,False
117,n_lines_ext_makefile,437,677,0.10781319238961526,0.0,0.0,0.0,0.1654357459379616,SideProject > Vibecoding,-0.005908419497784343,0.2454472170946729,False
145,n_lines_ext_tmpl,437,677,0.10781326358364136,0.0,0.0,0.0,1.5790251107828657,SideProject > Vibecoding,-0.005908419497784343,0.2454472170946729,False
42,n_files_ext_makefile,437,677,0.10781255164312571,0.0,0.0,0.0,0.005908419497784343,SideProject > Vibecoding,-0.005908419497784343,0.2454472170946729,False
49,n_files_ext_mk,437,677,0.10781319238961526,0.0,0.0,0.0,0.011816838995568686,SideProject > Vibecoding,-0.005908419497784343,0.2454472170946729,False
70,n_files_ext_tmpl,437,677,0.10781319238961526,0.0,0.0,0.0,0.03840472673559823,SideProject > Vibecoding,-0.005908419497784343,0.2454472170946729,False
94,n_lines_ext_ejs,437,677,0.1206865846102607,0.0,0.0,0.39359267734553777,4.08271787296898,SideProject > Vibecoding,-0.008048024498984278,0.2690305115270395,False
19,n_files_ext_ejs,437,677,0.1200629126970193,0.0,0.0,0.002288329519450801,0.033973412112259974,SideProject > Vibecoding,-0.008061544909734358,0.2690305115270395,False
171,avg_file_len_for_gradle,3,28,0.14149858459676928,23.333333333333332,35.25,24.222222222222225,43.63562925170068,SideProject > Vibecoding,-0.5357142857142857,0.31217213508977965,False
101,n_lines_ext_htaccess,437,677,0.14831003238991874,0.0,0.0,0.018306636155606407,0.5199409158050221,SideProject > Vibecoding,-0.008778126679488523,0.3238606829739042,False
26,n_files_ext_htaccess,437,677,0.1508218021951408,0.0,0.0,0.004576659038901602,0.01624815361890694,SideProject > Vibecoding,-0.008724045036488208,0.32601884514909224,False
136,n_lines_ext_rtf,437,677,0.16399377606210486,0.0,0.0,0.0,1.9409158050221567,SideProject > Vibecoding,-0.004431314623338257,0.3474719611612915,False
61,n_files_ext_rtf,437,677,0.16399332188145055,0.0,0.0,0.0,0.004431314623338257,SideProject > Vibecoding,-0.004431314623338257,0.3474719611612915,False
183,avg_file_len_for_lua,3,6,0.16666666666666666,165.5,54.39583333333333,169.66666666666666,73.82898877941982,Vibecoding > SideProject,0.6666666666666666,0.34967320261437906,False
181,avg_file_len_for_kt,13,17,0.1802448466292942,81.75,57.14159292035398,109.78389217619987,51.56592313983906,Vibecoding > SideProject,0.29411764705882354,0.3708884344102784,False
88,n_lines_ext_cmd,437,677,0.1793088582379515,0.0,0.0,0.16475972540045766,1.7016248153618907,SideProject > Vibecoding,-0.010109887138371264,0.3708884344102784,False
13,n_files_ext_cmd,437,677,0.18533700335948777,0.0,0.0,0.02288329519450801,0.0206794682422452,SideProject > Vibecoding,-0.009971302928182959,0.3777344639898132,False
169,avg_file_len_for_env,6,37,0.19334933191359682,2.5,6.0,4.0,14.941763191763192,SideProject > Vibecoding,-0.33783783783783783,0.39034676442933697,False
116,n_lines_ext_mak,437,677,0.21393057444346664,0.0,0.0,25.8649885583524,0.0,Vibecoding > SideProject,0.002288329519450801,0.39563037455215166,False
144,n_lines_ext_swift,437,677,0.20510347107003835,0.0,0.0,280.3615560640732,15.793205317577549,Vibecoding > SideProject,0.012597642716385724,0.39563037455215166,False
41,n_files_ext_mak,437,677,0.21393057444346664,0.0,0.0,0.2540045766590389,0.0,Vibecoding > SideProject,0.002288329519450801,0.39563037455215166,False
190,avg_file_len_for_mjs,71,9,0.2144538478880822,18.0,41.0,116.55991438829051,117.30909090909091,SideProject > Vibecoding,-0.2566510172143975,0.39563037455215166,False
29,n_files_ext_idl,437,677,0.21393057444346664,0.0,0.0,0.016018306636155607,0.0,Vibecoding > SideProject,0.002288329519450801,0.39563037455215166,False
75,n_files_ext_vcxproj,437,677,0.21393057444346664,0.0,0.0,0.004576659038901602,0.0,Vibecoding > SideProject,0.002288329519450801,0.39563037455215166,False
150,n_lines_ext_vcxproj,437,677,0.21393057444346664,0.0,0.0,0.6086956521739131,0.0,Vibecoding > SideProject,0.002288329519450801,0.39563037455215166,False
104,n_lines_ext_idl,437,677,0.21393057444346664,0.0,0.0,29.62929061784897,0.0,Vibecoding > SideProject,0.002288329519450801,0.39563037455215166,False
69,n_files_ext_swift,437,677,0.20742209178408144,0.0,0.0,1.0045766590389016,0.19054652880354506,Vibecoding > SideProject,0.01253342076532285,0.39563037455215166,False
189,avg_file_len_for_mdx,8,4,0.21414141414141416,123.91379310344827,40.12478632478633,164.0284139352027,75.44875679875679,Vibecoding > SideProject,0.5,0.39563037455215166,False
25,n_files_ext_hpp,437,677,0.2292822254154907,0.0,0.0,0.036613272311212815,42.50073855243722,SideProject > Vibecoding,-0.00792972090492109,0.41482812359945054,False
100,n_lines_ext_hpp,437,677,0.23067545190810568,0.0,0.0,11.551487414187642,8825.54800590842,SideProject > Vibecoding,-0.007906060186108455,0.41482812359945054,False
74,n_files_ext_txt,437,677,0.22686663144924013,0.0,0.0,1.6636155606407323,1.8168389955686854,Vibecoding > SideProject,0.03770842558196918,0.41482812359945054,False
21,n_files_ext_erb,437,677,0.25619646433108856,0.0,0.0,0.0,0.004431314623338257,SideProject > Vibecoding,-0.0029542097488921715,0.4180951418907645,False
137,n_lines_ext_s,437,677,0.2553672347357334,0.0,0.0,0.011441647597254004,29.78138847858198,SideProject > Vibecoding,-0.005114095366217226,0.4180951418907645,False
12,n_files_ext_classpath,437,677,0.25619627240497245,0.0,0.0,0.0,0.0029542097488921715,SideProject > Vibecoding,-0.0029542097488921715,0.4180951418907645,False
77,n_files_ext_wxs,437,677,0.25619627240497245,0.0,0.0,0.0,0.0029542097488921715,SideProject > Vibecoding,-0.0029542097488921715,0.4180951418907645,False
87,n_lines_ext_classpath,437,677,0.25619646433108856,0.0,0.0,0.0,0.056129985228951254,SideProject > Vibecoding,-0.0029542097488921715,0.4180951418907645,False
36,n_files_ext_kts,437,677,0.24020637759954988,0.0,0.0,0.05491990846681922,0.028064992614475627,Vibecoding > SideProject,0.008842348630551396,0.4180951418907645,False
96,n_lines_ext_erb,437,677,0.25619646433108856,0.0,0.0,0.0,0.8714918759231906,SideProject > Vibecoding,-0.0029542097488921715,0.4180951418907645,False
62,n_files_ext_s,437,677,0.25568156784140506,0.0,0.0,0.002288329519450801,0.24224519940915806,SideProject > Vibecoding,-0.005110715263529706,0.4180951418907645,False
154,n_lines_ext_xsd,437,677,0.25789046135318183,0.0,0.0,1.208237986270023,5.035450516986706,SideProject > Vibecoding,-0.005087054544717069,0.4180951418907645,False
152,n_lines_ext_wxs,437,677,0.25619646433108856,0.0,0.0,0.0,0.397341211225997,SideProject > Vibecoding,-0.0029542097488921715,0.4180951418907645,False
79,n_files_ext_xsd,437,677,0.2559961698945813,0.0,0.0,0.002288329519450801,0.03249630723781388,SideProject > Vibecoding,-0.005107335160842186,0.4180951418907645,False
111,n_lines_ext_kts,437,677,0.25321497231123746,0.0,0.0,2.0846681922196795,2.06794682422452,Vibecoding > SideProject,0.008602361339737501,0.4180951418907645,False
162,avg_file_len_for_cmd,4,13,0.25132617646837807,8.5,41.0,8.75,88.38461538461539,SideProject > Vibecoding,-0.40384615384615385,0.4180951418907645,False
132,n_lines_ext_rb,437,677,0.27619379084745765,0.0,0.0,1.379862700228833,8.447562776957165,Vibecoding > SideProject,0.00718271821097925,0.4444020394086913,False
57,n_files_ext_rb,437,677,0.2816548481014205,0.0,0.0,0.043478260869565216,0.14623338257016247,Vibecoding > SideProject,0.007101595746478778,0.44647509254595547,False
198,avg_file_len_for_resx,1,9,0.2811980995641792,248.85714285714286,120.0,248.85714285714286,143.13492063492063,Vibecoding > SideProject,0.7777777777777778,0.44647509254595547,False
191,avg_file_len_for_npmrc,20,13,0.29357528322401705,2.0,1.0,4.033333333333333,1.6923076923076923,Vibecoding > SideProject,0.21153846153846154,0.4619493427201445,False
32,n_files_ext_ipynb,437,677,0.30732174017643166,0.0,0.0,0.009153318077803204,0.06646971935007386,SideProject > Vibecoding,-0.006472896646600124,0.47814200535363777,False
107,n_lines_ext_ipynb,437,677,0.3083345642000094,0.0,0.0,43.60411899313501,45.85967503692762,SideProject > Vibecoding,-0.006459376235850045,0.47814200535363777,False
158,avg_file_len_for_bat,44,37,0.31828290880315135,49.0,84.0,63.656439393939394,72.95675675675676,SideProject > Vibecoding,-0.1296068796068796,0.49001829125089486,False
201,avg_file_len_for_s,1,5,0.3333333333333333,5.0,60.78378378378378,5.0,169.2150678150678,SideProject > Vibecoding,-1.0,0.5023474178403756,False
156,avg_file_len_for_astro,5,1,0.3333333333333333,178.6888888888889,21.0,204.84532679738564,21.0,Vibecoding > SideProject,1.0,0.5023474178403756,False
213,avg_file_len_for_xsd,1,5,0.3333333333333333,528.0,31.5,528.0,83.935,Vibecoding > SideProject,1.0,0.5023474178403756,False
161,avg_file_len_for_cjs,22,14,0.36334541130232734,25.75,30.839285714285715,74.2411106244684,142.17624716553289,SideProject > Vibecoding,-0.18506493506493507,0.5423130828299036,False
102,n_lines_ext_html,437,677,0.36492095293227156,0.0,0.0,1813.645308924485,408.90546528803543,Vibecoding > SideProject,0.029143245371794396,0.5423130828299036,False
206,avg_file_len_for_sum,16,43,0.3706822937274207,149.5,136.0,360.71875,404.55232558139534,Vibecoding > SideProject,0.15406976744186046,0.5436236946598656,False
204,avg_file_len_for_snap,3,16,0.37088345523523536,34.0,129.83333333333331,98.33333333333333,245.76974594036375,SideProject > Vibecoding,-0.3541666666666667,0.5436236946598656,False
18,n_files_ext_dist,437,677,0.37768681856389963,0.0,0.0,0.002288329519450801,0.007385524372230428,SideProject > Vibecoding,-0.0036234700810210616,0.5467600439751783,False
93,n_lines_ext_dist,437,677,0.3781331145248896,0.0,0.0,0.07322654462242563,0.25997045790251105,SideProject > Vibecoding,-0.0036200899783335417,0.5467600439751783,False
37,n_files_ext_ld,437,677,0.4227910763726972,0.0,0.0,0.0,0.005908419497784343,SideProject > Vibecoding,-0.0014771048744460858,0.5875148723620598,False
30,n_files_ext_inc,437,677,0.4227910763726972,0.0,0.0,0.0,0.005908419497784343,SideProject > Vibecoding,-0.0014771048744460858,0.5875148723620598,False
76,n_files_ext_vim,437,677,0.4227910763726972,0.0,0.0,0.0,0.028064992614475627,SideProject > Vibecoding,-0.0014771048744460858,0.5875148723620598,False
112,n_lines_ext_ld,437,677,0.4227910763726972,0.0,0.0,0.0,0.5450516986706057,SideProject > Vibecoding,-0.0014771048744460858,0.5875148723620598,False
151,n_lines_ext_vim,437,677,0.4227910763726972,0.0,0.0,0.0,2.202363367799114,SideProject > Vibecoding,-0.0014771048744460858,0.5875148723620598,False
105,n_lines_ext_inc,437,677,0.4227910763726972,0.0,0.0,0.0,47.81979320531758,SideProject > Vibecoding,-0.0014771048744460858,0.5875148723620598,False
197,avg_file_len_for_rb,7,6,0.4452214452214452,37.5,19.25,57.471428571428575,31.089980059820544,Vibecoding > SideProject,0.2857142857142857,0.6146928340476727,False
91,n_lines_ext_csproj,437,677,0.45146751193919055,0.0,0.0,3.5606407322654463,67.29985228951256,SideProject > Vibecoding,-0.00784183823504558,0.6193208176601717,False
173,avg_file_len_for_hpp,3,10,0.46853146853146854,120.0,79.58333333333334,721.0128205128204,1433.2594222262046,Vibecoding > SideProject,0.3333333333333333,0.6360643578106923,False
16,n_files_ext_csproj,437,677,0.4696176099723802,0.0,0.0,0.12585812356979406,0.25406203840472674,SideProject > Vibecoding,-0.007530868787793773,0.6360643578106923,False
118,n_lines_ext_mako,437,677,0.47491617968720545,0.0,0.0,0.37986270022883295,0.1757754800590842,Vibecoding > SideProject,0.004140625792211567,0.6391953613400123,False
43,n_files_ext_mako,437,677,0.48215907684436654,0.0,0.0,0.013729977116704805,0.007385524372230428,Vibecoding > SideProject,0.004073023738461174,0.6448877652793402,False
168,avg_file_len_for_ejs,1,7,0.5,172.0,76.0,172.0,136.21904761904761,Vibecoding > SideProject,0.7142857142857143,0.6604938271604939,False
200,avg_file_len_for_rst,1,11,0.5,202.53333333333333,80.0,202.53333333333333,142.0731532314897,Vibecoding > SideProject,0.6363636363636364,0.6604938271604939,False
159,avg_file_len_for_c,8,14,0.5166095058117074,269.0,90.3,260.34356770833335,345.78459440519015,Vibecoding > SideProject,0.17857142857142858,0.6782480628448183,False
126,n_lines_ext_nvmrc,437,677,0.525804161466114,0.0,0.0,0.020594965675057208,0.026587887740029542,SideProject > Vibecoding,-0.005992922064972334,0.6819520639621114,False
51,n_files_ext_nvmrc,437,677,0.525804161466114,0.0,0.0,0.020594965675057208,0.026587887740029542,SideProject > Vibecoding,-0.005992922064972334,0.6819520639621114,False
71,n_files_ext_tpl,437,677,0.5317551411987633,0.0,0.0,0.009153318077803204,0.005908419497784343,Vibecoding > SideProject,0.003244898580018861,0.6836102193196671,False
146,n_lines_ext_tpl,437,677,0.533471526291516,0.0,0.0,0.9244851258581236,0.465288035450517,Vibecoding > SideProject,0.003231378169268782,0.6836102193196671,False
160,avg_file_len_for_cc,3,6,0.5476190476190476,48.75,214.4375,48.833333333333336,258.8055555555556,SideProject > Vibecoding,-0.3333333333333333,0.6975623582766439,False
99,n_lines_ext_h,437,677,0.5796837296200155,0.0,0.0,732.6178489702518,2153.5480059084193,SideProject > Vibecoding,-0.006330932333724298,0.726972005954879,False
212,avg_file_len_for_xml,38,129,0.5758711056852803,21.314285714285717,28.1,379.5992930696306,332.84712501843757,SideProject > Vibecoding,-0.05997552019583843,0.726972005954879,False
24,n_files_ext_h,437,677,0.5808981916742257,0.0,0.0,2.85812356979405,8.023633677991137,SideProject > Vibecoding,-0.006310651717599181,0.726972005954879,False
82,n_lines_ext_bash,437,677,0.5860063113010806,0.0,0.0,2.3707093821510297,0.5465288035450517,Vibecoding > SideProject,0.002450574448451744,0.7291008756885538,False
178,avg_file_len_for_ipynb,3,9,0.6,335.0,637.75,3257.3333333333335,1043.0101929660752,SideProject > Vibecoding,-0.25925925925925924,0.7421965317919075,False
184,avg_file_len_for_m,3,4,0.6285714285714286,272.0,74.43055555555556,288.3333333333333,101.11574074074072,Vibecoding > SideProject,0.3333333333333333,0.7730706075533662,False
110,n_lines_ext_kt,437,677,0.6530074038840245,0.0,0.0,45.546910755148744,54.55982274741507,Vibecoding > SideProject,0.004471875855588493,0.7985347681781785,False
35,n_files_ext_kt,437,677,0.6603806278094251,0.0,0.0,0.1945080091533181,0.8227474150664698,Vibecoding > SideProject,0.004370472774962903,0.8029628088137328,False
208,avg_file_len_for_tpl,4,4,0.6857142857142857,59.0,62.5,101.0,78.75,SideProject > Vibecoding,-0.25,0.8290556900726392,False
17,n_files_ext_css,437,677,0.7087612567010477,0.0,0.0,1.6292906178489703,2.172821270310192,Vibecoding > SideProject,0.011820219098256205,0.8391807112845245,False
10,n_files_ext_cc,437,677,0.7166975272433255,0.0,0.0,0.02745995423340961,0.07680945347119646,SideProject > Vibecoding,-0.0019976406883241114,0.8391807112845245,False
85,n_lines_ext_cc,437,677,0.7139430814379513,0.0,0.0,1.3409610983981692,30.10192023633678,SideProject > Vibecoding,-0.002017921304449229,0.8391807112845245,False
163,avg_file_len_for_cpp,13,18,0.7036625698017862,207.625,159.76386708529566,274.64393106893107,661.6845518655123,Vibecoding > SideProject,0.08547008547008547,0.8391807112845245,False
114,n_lines_ext_lua,437,677,0.717617150304056,0.0,0.0,2.8237986270022883,11.19202363367799,SideProject > Vibecoding,-0.001990880482949072,0.8391807112845245,False
39,n_files_ext_lua,437,677,0.7139429827021999,0.0,0.0,0.016018306636155607,0.0723781388478582,SideProject > Vibecoding,-0.002017921304449229,0.8391807112845245,False
27,n_files_ext_html,437,677,0.7245181251891093,0.0,0.0,1.8924485125858124,3.638109305760709,SideProject > Vibecoding,-0.011225321025252748,0.8426460803829858,False
14,n_files_ext_cpp,437,677,0.7663005597909491,0.0,0.0,0.16933638443935928,1.0915805022156573,Vibecoding > SideProject,0.003004911289204966,0.8513773927813143,False
31,n_files_ext_ino,437,677,0.756908002451803,0.0,0.0,0.002288329519450801,0.008862629246676515,Vibecoding > SideProject,0.0008078445423171955,0.8513773927813143,False
28,n_files_ext_http,437,677,0.756908002451803,0.0,0.0,0.002288329519450801,0.0029542097488921715,Vibecoding > SideProject,0.0008078445423171955,0.8513773927813143,False
106,n_lines_ext_ino,437,677,0.756908002451803,0.0,0.0,2.601830663615561,1.9719350073855244,Vibecoding > SideProject,0.0008078445423171955,0.8513773927813143,False
186,avg_file_len_for_manifest,8,5,0.7678310131158582,14.0,20.0,14.458333333333334,32.6,SideProject > Vibecoding,-0.125,0.8513773927813143,False
103,n_lines_ext_http,437,677,0.756908002451803,0.0,0.0,0.013729977116704805,0.06499261447562776,Vibecoding > SideProject,0.0008078445423171955,0.8513773927813143,False
89,n_lines_ext_cpp,437,677,0.7663012572841175,0.0,0.0,43.4279176201373,341.698670605613,Vibecoding > SideProject,0.003004911289204966,0.8513773927813143,False
128,n_lines_ext_pl,437,677,0.7663591318767939,0.0,0.0,2.336384439359268,3.0457902511078285,SideProject > Vibecoding,-0.0013385206642577802,0.8513773927813143,False
53,n_files_ext_pl,437,677,0.7652107440494365,0.0,0.0,0.011441647597254004,0.029542097488921712,SideProject > Vibecoding,-0.0013452808696328194,0.8513773927813143,False
1,max_folder_depth,437,677,0.8005431735048659,3.0,3.0,3.3043478260869565,3.4106351550960117,Vibecoding > SideProject,0.008859249143988994,0.8608856237690518,False
9,n_files_ext_c,437,677,0.7887864719583338,0.0,0.0,7.377574370709382,0.23042836041358936,SideProject > Vibecoding,-0.0022917096221383207,0.8608856237690518,False
187,avg_file_len_for_markdown,3,5,0.7857142857142857,149.0,184.0,188.66666666666666,399.8,SideProject > Vibecoding,-0.2,0.8608856237690518,False
84,n_lines_ext_c,437,677,0.7893964056172108,0.0,0.0,3355.924485125858,142.63958641063516,SideProject > Vibecoding,-0.002284949416763281,0.8608856237690518,False
179,avg_file_len_for_java,10,47,0.7931183664531175,62.5,80.8,238.74998556998557,152.68190604326574,SideProject > Vibecoding,-0.05531914893617021,0.8608856237690518,False
194,avg_file_len_for_pl,2,4,0.8,132.5,101.08333333333333,132.5,123.45833333333333,SideProject > Vibecoding,-0.25,0.8608856237690518,False
40,n_files_ext_m,437,677,0.8491390041115588,0.0,0.0,0.020594965675057208,0.19497784342688332,Vibecoding > SideProject,0.0009261481363803832,0.8825602591208987,False
5,n_files_ext_asm,437,677,0.836706073299438,0.0,0.0,0.3684210526315789,0.023633677991137372,SideProject > Vibecoding,-0.0006591200240663311,0.8825602591208987,False
7,n_files_ext_bash,437,677,0.8464099856635715,0.0,0.0,0.011441647597254004,0.01624815361890694,Vibecoding > SideProject,0.0009430486498179815,0.8825602591208987,False
115,n_lines_ext_m,437,677,0.8464100735169066,0.0,0.0,7.25629290617849,37.220088626292466,Vibecoding > SideProject,0.0009430486498179815,0.8825602591208987,False
172,avg_file_len_for_h,14,26,0.8536914655982526,41.07142857142857,57.48214285714286,230.21388310018844,136.62559119598865,Vibecoding > SideProject,0.038461538461538464,0.8825602591208987,False
15,n_files_ext_cs,437,677,0.8410100571635585,0.0,0.0,2.2951945080091534,6.234859675036928,SideProject > Vibecoding,-0.002210587157637849,0.8825602591208987,False
80,n_lines_ext_asm,437,677,0.836706073299438,0.0,0.0,166.63615560640733,6.469719350073856,SideProject > Vibecoding,-0.0006591200240663311,0.8825602591208987,False
90,n_lines_ext_cs,437,677,0.850871604050536,0.0,0.0,366.33409610983983,1038.6868537666173,SideProject > Vibecoding,-0.0020720029474495436,0.8825602591208987,False
45,n_files_ext_markdown,437,677,0.9236375298041257,0.0,0.0,0.013729977116704805,0.0103397341211226,SideProject > Vibecoding,-0.0005002551977529077,0.9457341214262339,False
120,n_lines_ext_markdown,437,677,0.9220841910956776,0.0,0.0,2.739130434782609,6.666174298375185,SideProject > Vibecoding,-0.0005103955058154666,0.9457341214262339,False
155,avg_file_len_for_asm,1,2,1.0,452.29813664596276,1163.3333333333333,452.29813664596276,1163.3333333333333,SideProject > Vibecoding,0.0,1.0,False
176,avg_file_len_for_http,1,1,1.0,6.0,22.0,6.0,22.0,SideProject > Vibecoding,-1.0,1.0,False
192,avg_file_len_for_nvmrc,9,18,1.0,1.0,1.0,1.0,1.0,SideProject > Vibecoding,0.0,1.0,False
167,avg_file_len_for_dist,1,4,1.0,32.0,36.0,32.0,31.875,SideProject > Vibecoding,0.0,1.0,False
177,avg_file_len_for_ino,1,1,1.0,1137.0,222.5,1137.0,222.5,Vibecoding > SideProject,1.0,1.0,False
